INSERT INTO `adres` (`id_adres`, `id_miasto`, `id_ulica`, `oznaczenie_domu`, `mieszkanie`, `id_wojewodztwo`, `id_powiat`, `id_gmina`, `id_kod_pocztowy`) VALUES
(2, 13, 28, '1A', 3, 1, 6, 3, 5),
(3, 2, 2, '2B', 0, 4, 2, 2, 2),
(4, 3, 3, '2D', 42, 2, 6, 4, 3),
(5, 3, 4, '3C', 38, 4, 5, 5, 3),
(6, 5, 5, '4A', 12, 5, 5, 6, 4),
(7, 5, 6, '4A', 14, 5, 7, 6, 5),
(8, 5, 12, '4A', 8, 4, 14, 9, 8),
(9, 1, 2, '37A', 5, 1, 43, 6, 6),
(10, 7, 16, '54A', 43, 5, 22, 18, 6),
(11, 8, 12, '4D', 3, 6, 12, 13, 14),
(12, 22, 8, '53C', 3, 9, 8, 8, 11),
(13, 5, 8, '5B', 3, 5, 4, 8, 12),
(14, 15, 12, '6A', 5, 11, 10, 15, 29),
(15, 15, 29, '56A', 3, 11, 37, 23, 26),
(16, 15, 38, '4F', 3, 15, 37, 13, 16),
(17, 15, 2, '54A', 4, 11, 37, 22, 1),
(18, 15, 38, '76A', 5, 11, 9, 15, 1),
(19, 15, 30, '8A', 4, 11, 9, 15, 30),
(20, 15, 53, '8A', 5, 11, 9, 15, 16),
(21, 15, 57, '3A', 22, 11, 11, 19, 20),
(22, 15, 64, '84A', 3, 11, 9, 39, 27),
(23, 13, 67, '7F', 8, 11, 10, 25, 1),
(24, 13, 57, '8C', 6, 11, 10, 15, 19),
(25, 13, 26, '5D', 4, 11, 9, 15, 1),
(26, 13, 56, '5A', 5, 11, 41, 25, 21),
(27, 13, 20, '8B', 4, 11, 34, 19, 20),
(28, 13, 8, '5A', 5, 11, 23, 25, 22),
(29, 15, 11, '5A', 3, 12, 10, 9, 14),
(30, 10, 7, '53B', 13, 7, 8, 7, 4),
(31, 8, 46, '6A', 66, 14, 13, 9, 11),
(32, 18, 38, '7H', 6, 12, 15, 31, 21),
(33, 14, 7, '5G', 3, 11, 9, 4, 14),
(34, 23, 14, '6H', 3, 16, 34, 15, 11),
(35, 17, 71, '40D', 3, 2, 21, 11, 16),
(36, 20, 12, '53F', 3, 13, 14, 34, 16),
(37, 14, 14, '3G', 23, 8, 6, 6, 11),
(38, 18, 23, '15F', 33, 8, 10, 34, 25),
(39, 18, 47, '33A', 3, 7, 9, 11, 18),
(40, 16, 56, '1A', 2, 10, 12, 24, 19),
(41, 6, 35, '2', 7, 11, 9, 19, 1),
(42, 19, 23, '3F', 3, 11, 17, 26, 21),
(43, 13, 20, '8A', 3, 11, 10, 19, 19),
(44, 13, 38, '8F', 3, 11, 10, 25, 18),
(45, 15, 44, '24L', 5, 11, 9, 15, 19),
(46, 23, 7, '18D', 9, 16, 41, 18, 21),
(47, 18, 63, '3G', 4, 14, 12, 14, 24),
(48, 13, 46, '4', 3, 15, 13, 22, 15),
(49, 14, 35, '5G', 50, 11, 9, 19, 24),
(50, 8, 11, '4A', 3, 9, 11, 13, 22),
(51, 13, 3, '3G', 2, 10, 13, 14, 20),
(52, 9, 10, '97A', 2, 7, 6, 12, 15),
(53, 12, 8, '1A', 1, 3, 30, 14, 15);

INSERT INTO `akademik` (`id_akademik`, `id_adres`, `numer_pokoju`) VALUES
(1, 2, 1),
(2, 2, 2),
(3, 2, 3),
(4, 2, 4),
(5, 2, 5),
(6, 3, 5),
(7, 3, 2),
(8, 3, 3),
(9, 3, 4),
(10, 3, 6),
(11, 3, 7),
(12, 3, 8),
(13, 3, 9),
(14, 3, 10),
(15, 3, 11),
(16, 3, 12),
(17, 3, 13),
(18, 3, 14),
(19, 3, 15),
(20, 4, 1),
(21, 4, 2),
(22, 4, 3),
(23, 4, 4),
(24, 4, 5),
(25, 4, 6),
(26, 4, 7),
(27, 4, 8),
(28, 4, 9),
(29, 4, 10),
(30, 4, 11),
(31, 4, 12),
(32, 4, 13),
(33, 4, 14),
(34, 4, 15),
(35, 4, 16),
(36, 4, 17),
(37, 4, 18),
(38, 4, 19),
(39, 4, 20);


INSERT INTO `autorzy` (`id_student`, `id_praca_dyplomowa`) VALUES
(1, 1),
(2, 1),
(3, 2),
(3, 2),
(3, 3),
(4, 4),
(5, 4),
(6, 4);

INSERT INTO `gmina` (`id_gmina`, `gmina`) VALUES
(1, 'Abramow'),
(2, 'Adamow'),
(3, 'Annopol'),
(4, 'Babimost'),
(5, 'Baborów'),
(6, 'Baboszewo'),
(7, 'Baranowo'),
(8, 'Barcin'),
(9, 'Bielsk'),
(10, 'Błędów'),
(11, 'Bogoria'),
(12, 'Chełmo'),
(13, 'Chocianów'),
(14, 'Chrzanów'),
(15, 'gmina Chybie'),
(16, 'Cieplow'),
(17, 'Cisek'),
(18, 'Darłowo'),
(19, 'Fryszlak'),
(20, 'Głusk'),
(21, 'Gruta'),
(22, 'Hyżne'),
(23, 'Jasieniec'),
(24, 'Jarzmanowice'),
(25, 'Kalinowo'),
(26, 'Kałuszyn'),
(27, 'Kamienica'),
(28, 'Kętrzyn'),
(29, 'Kostrzyn'),
(30, 'Kłoczew'),
(31, 'Kobylin'),
(32, 'Kolno'),
(33, 'Konopnicka'),
(34, 'Kowary'),
(35, 'Krokowa'),
(36, 'Klutno'),
(37, 'Laskowa'),
(38, 'Laszki'),
(39, 'Lelów'),
(40, 'Lipno'),
(41, 'Lipsko'),
(42, 'Lublin'),
(43, 'Łysomice'),
(44, 'Malszyce'),
(45, 'Marki'),
(46, 'Mielec');

INSERT INTO `grupa` (`id_kierunek`, `data_utworzenia`, `id_grupa`) VALUES
(1, '2020-05-24 00:00:00', 1),
(1, '2020-05-24 00:00:00', 2),
(2, '2020-05-25 00:00:00', 3),
(3, '2020-05-28 00:00:00', 4),
(3, '2020-05-26 00:00:00', 5),
(3, '2020-05-28 00:00:00', 6),
(3, '2020-05-29 00:00:00', 7),
(4, '2020-04-10 00:00:00', 8),
(5, '2019-10-01 00:00:00', 9),
(6, '2020-09-19 00:00:00', 10),
(6, '2020-05-24 00:00:00', 11),
(6, '2020-05-24 00:00:00', 12),
(7, '2019-10-03 00:00:00', 13),
(7, '2019-10-03 00:00:00', 14),
(7, '2019-10-03 00:00:00', 15),
(8, '2019-11-04 00:00:00', 16),
(8, '2019-11-04 00:00:00', 17),
(9, '2019-11-13 00:00:00', 18),
(9, '2019-11-13 00:00:00', 19),
(9, '2019-11-14 00:00:00', 20),
(9, '2019-11-15 00:00:00', 21),
(10, '2019-12-10 00:00:00', 22),
(10, '2019-12-11 00:00:00', 23),
(10, '2019-12-11 00:00:00', 24),
(12, '2019-10-11 00:00:00', 25),
(12, '2019-10-11 00:00:00', 26),
(13, '2019-10-11 00:00:00', 27),
(13, '2019-10-11 00:00:00', 28);

INSERT INTO `grupa_lista` (`id_grupa`, `id_student`) VALUES
(1, 16),
(2, 16),
(3, 16),
(6, 16),
(2, 17),
(3, 17),
(4, 17),
(5, 17),
(4, 18),
(5, 18),
(5, 19),
(5, 20),
(5, 21),
(5, 22),
(5, 23),
(5, 24),
(5, 27),
(5, 33),
(5, 34),
(5, 45),
(5, 46),
(5, 47),
(5, 54),
(5, 55),
(5, 56),
(5, 57),
(5, 58),
(5, 59),
(5, 60),
(10, 20),
(10, 21),
(10, 22),
(10, 24),
(10, 26),
(10, 28),
(10, 30),
(10, 35),
(10, 36),
(10, 37),
(10, 38),
(10, 39),
(10, 40),
(11, 41),
(11, 42),
(11, 43),
(11, 44),
(11, 45),
(11, 46),
(11, 47),
(11, 48),
(11, 49),
(11, 50),
(12, 51),
(12, 52),
(12, 53),
(12, 54),
(12, 55),
(12, 56),
(12, 57),
(12, 58),
(12, 59),
(12, 60),
(4, 23),
(5, 24),
(6, 26),
(7, 28),
(8, 29),
(14, 30),
(13, 31),
(15, 32),
(15, 22),
(16, 23),
(16, 43),
(17, 33),
(18, 34),
(19, 35),
(20, 36),
(21, 20),
(22, 50),
(23, 51),
(24, 52),
(25, 52),
(26, 53),
(27, 54),
(28, 55),
(28, 60);

INSERT INTO `kierunek` (`id_kierunek`, `nazwa`, `limit_kierunku`) VALUES
(1, 'biotechnologia', 50),
(2, 'ochrona środowiska', 30),
(3, 'ekonomia', 100),
(4, 'filologia angielska', 6),
(5, 'filozofia', 25),
(6, 'akwakultura', 120),
(7, 'bezpieczeństwo jądrowe i ochrona radiologiczna', 75),
(8, 'fizyka', 60),
(9, 'informatyka, profil ogólnoakademicki', 150),
(10, 'informatyka, profil praktyczny', 75),
(11, 'modelowanie matematyczne i analiza danych', 45),
(12, 'matematyka', 100),
(13, 'bioinformatyka', 50);

INSERT INTO `kod_pocztowy` (`id_kod_pocztowy`, `okreg_kodowy`, `sektor_kodowy`, `placowka`) VALUES
(1, 8, 2, 323),
(2, 2, 3, 312),
(3, 1, 2, 123),
(4, 1, 4, 152),
(5, 1, 5, 234),
(6, 1, 6, 345),
(7, 1, 7, 567),
(8, 1, 8, 678),
(9, 1, 7, 788),
(11, 1, 9, 789),
(12, 2, 1, 132),
(13, 2, 2, 534),
(14, 2, 4, 533),
(15, 2, 5, 312),
(16, 3, 1, 123),
(17, 3, 5, 532),
(18, 4, 1, 543),
(19, 5, 2, 344),
(20, 6, 1, 233),
(21, 7, 1, 123),
(22, 8, 1, 444),
(23, 8, 1, 132),
(24, 8, 1, 567),
(25, 8, 1, 688),
(26, 8, 2, 234),
(27, 8, 2, 865),
(28, 8, 2, 874),
(29, 8, 3, 866),
(30, 9, 1, 871);

INSERT INTO `lista_akademikowa` (`id_akademik`, `id_student`) VALUES
(2, 10),
(10, 12),
(1, 1),
(1, 2),
(1, 3),
(2, 1),
(2, 4),
(2, 2),
(2, 3),
(3, 5),
(3, 6),
(3, 7),
(4, 8),
(4, 9),
(5, 10),
(5, 11),
(6, 12),
(6, 13),
(6, 14),
(7, 15),
(7, 16),
(7, 17),
(8, 18),
(9, 19),
(10, 20),
(11, 21),
(11, 22),
(11, 23),
(12, 24),
(13, 25),
(14, 26),
(15, 27),
(15, 28),
(16, 29),
(16, 30),
(7, 14);

INSERT INTO `lista_platnosci` (`id_student`, `id_platnosc`, `data_wplaty`, `termin_zaplaty`) VALUES
(46, 1, '2020-02-05 00:00:00', '2020-05-16 00:00:00'),
(46, 2, '2020-05-24 00:00:00', '2020-08-01 00:00:00'),
(46, 3, '2020-05-14 00:00:00', '2020-05-31 00:00:00'),
(46, 5, '2020-05-22 00:00:00', '2020-05-25 00:00:00');

INSERT INTO `miasto` (`id_miasto`, `nazwa_miasta`) VALUES
(1, 'Wrocław'),
(2, 'Bydgoszcz'),
(3, 'Toruń'),
(4, 'Lublin'),
(5, 'Gorzów Wielkopolski'),
(6, 'Zielona Góra'),
(7, 'Łódź'),
(8, 'Kraków'),
(9, 'Warszawa'),
(10, 'Opole'),
(11, 'Rzeszów'),
(12, 'Białystok'),
(13, 'Gdańsk'),
(14, 'Gdynia'),
(15, 'Sopot'),
(16, 'Wejherowo'),
(17, 'Słupsk'),
(18, 'Kartuzy'),
(19, 'Katowice'),
(20, 'Kielce'),
(21, 'Olsztyn'),
(22, 'Poznań'),
(23, 'Szczecin');

INSERT INTO `ocena` (`id_ocena`, `id_typ_oceny`, `wartosc`) VALUES
(1, 1, 2),
(2, 1, 3),
(3, 1, 4),
(4, 1, 5),
(5, 2, 2),
(6, 2, 3),
(7, 2, 4),
(8, 2, 5),
(9, 3, 2),
(10, 3, 3),
(11, 3, 4),
(12, 3, 5);

INSERT INTO `oceny` (`id_student`, `id_ocena`, `id_przedmiot`, `data`) VALUES
(1, 6, 1, '2020-05-13 00:00:00'),
(1, 6, 2, '2020-05-06 00:00:00'),
(1, 7, 3, '2020-05-06 00:00:00'),
(1, 8, 10, '2020-05-20 00:00:00'),
(1, 8, 18, '2020-04-29 00:00:00'),
(1, 4, 4, '2020-05-31 00:00:00'),
(1, 12, 17, '2020-05-31 00:00:00'),
(1, 10, 18, '2020-05-31 00:00:00'),
(1, 11, 18, '2020-05-28 00:00:00'),
(1, 11, 12, '2020-05-31 00:00:00'),
(1, 11, 13, '2020-05-23 00:00:00'),
(1, 10, 10, '2020-05-31 00:00:00'),
(1, 10, 13, '2020-05-31 00:00:00'),
(1, 12, 3, '2020-05-21 00:00:00');

INSERT INTO `osoba` (`id_osoba`, `id_adres`, `imie`, `drugie_imie`, `nazwisko`, `email`, `telefon`) VALUES
(1, 2, 'Franciszek', 'Bartek', 'Głowacki', 'f.glowacki@gmail.com', 532432130),
(2, 3, 'Bronisław', 'Franek', 'Borkowski', 'b.borkowkski@gmail.com', 643728490),
(3, 4, 'Denis', 'Bronisław', 'Ziółkowski', 'b.ziol@gmail.com', 678765789),
(4, 5, 'Mateusz', 'Marek', 'Mróz', 'm.mroz@gmail.com', 876543634),
(5, 6, 'Makymilian', 'Albert', 'Wysocki', 'm.a.wysocki Wysocki', 345678765),
(6, 7, 'Filip', 'Franek', 'Ziółkowski', 'fz.ziol Wysocki', 987654340),
(7, 8, 'Marcel', 'Bogusław', 'Krawczyk', 'm.krawczyk Wysocki', 543345654),
(8, 9, 'Franciszek', NULL, 'Szymański', 'f.szym Wysocki', 765456765),
(9, 9, 'Julian', NULL, 'Szymański', 'j.szym Wysocki', 789765435),
(10, 10, 'Maciej', 'Mateusz', 'Wróblewski', 'm.wrobel@gmail.com', 876545676),
(11, 11, 'Florian', 'Franek', 'Wójcik', 'florian.w@gmail.com', 868685843),
(12, 12, 'Janusz', 'Jarek', 'Zawadzki', 'j.zawadzki@gmail.com', 765454350),
(13, 13, 'Ignacy', NULL, 'Sokołowski', 'i.sokol@gmail.com', 949494994),
(14, 14, 'Miłosz', NULL, 'Zalewski', 'm.zalewski@gmail.com', 444456434),
(15, 14, 'Miłosz', 'Stefan', 'Sawicki', 'm.sawicki@gmail.com', 876556765),
(16, 15, 'Miłosz', 'Bronisław', 'Krawczyk', 'mil.krawczyk@gmail.com', 765467876),
(17, 16, 'Mateusz', 'Miłosz', 'Krawczyk', 'm.m.krawczyk2342@gmail.com', 567887654),
(18, 16, 'Florian', 'Stefan', 'Krawczyk', 'florian.krawczyk@gmail.com', 876543454),
(19, 18, 'Łukasz', 'Rafał', 'Kotłowski', 'l.kotlowsky@gmail.com', 876543456),
(20, 18, 'Aleks', 'Igor', 'Karcz', 'a.karcz@gmail.com', 987654565),
(21, 19, 'Aleks', 'Stefan', 'Lubecki', 'aleks.lub@gmail.com', 765467754),
(22, 20, 'Krzysztof', 'Krystian', 'Krawczyk', 'k.k.krawczyk', 987654334),
(23, 22, 'Paweł', 'Marcin', 'Kowadło', 'k.pawel.m@gmail.com', 876543234),
(24, 22, 'Bartosz', 'Maciej', 'Krawczyk', 'b.m.krawczyk@gmail.com', 654334565),
(25, 23, 'Mateusz', NULL, 'Krawczyk', 'm.kraw8888@gmail.com', 888542349),
(26, 24, 'Józef', 'Krzysztof', 'Lisz', 'jozef.lisz@gmail.com', 882582385),
(27, 25, 'Łukasz', 'Rafał', 'Kowadło', 'l.kowadlo2312@gmail.com', 583249940),
(28, 26, 'Roman', 'Paweł', 'Romanowski', 'r.p.romanowski@gmail.com', 862858234),
(29, 27, 'Roman', 'Michał', 'Szewczyk', 'roman.szewczyk@gmail.com', 863485835),
(30, 28, 'Bartosz', 'Paweł', 'Dobosz', 'b.dobosz.p@gmail.com', 941284832),
(31, 29, 'Ludwik', 'Bogusław', 'Szewczyk', 'ludwik.sz@gmail.com', 963884414),
(32, 30, 'Michał', 'Piotr', 'Lisz', 'mp.lisz@gmail.com', 658481312),
(33, 31, 'Dorian', NULL, 'Parsucki', 'd.parsucki@gmail.com', 593525235),
(34, 32, 'Bartosz', 'Bartłomiej', 'Bobosz', 'bbb@gmail.com', 935925325),
(35, 33, 'Łukasz', 'Bartłomiej', 'Czarnecki', 'lb.czarnecky@gmail.com', 952394293),
(36, 33, 'Roman', 'Alojzy', 'Andrzejewski', 'alojzy.a@gmail.com', 888532424),
(37, 33, 'Henryk', 'Julian', 'Gorzelak', 'gorzelak.hj@@gmail.com', 952392955),
(38, 34, 'Henryk', 'Adam', 'Kołodziej', 'kolodziej@gmail.com', 654345659),
(39, 35, 'Adam', 'Piotr', 'Szopiński', 'szop.adam@gmail.com', 786532382),
(40, 36, 'Damian', 'Darek', 'Duda', 'ddd@gmail.com', 567654334),
(41, 37, 'Damian', 'Alojzy', 'Sikorski', 'da.sikorski@gmail.com', 565412313),
(42, 38, 'Czesław', 'Marek', 'Miłosz', 'cz.milosz@gmail.com', 585824234),
(43, 39, 'Adam', 'Henryk', 'Dawidowski', 'ah.dawidowski@gmail.com', 684385385),
(44, 40, 'Piotr', 'Marek', 'Łuszcz', 'p.luszcz@gmail.com', 643539424),
(45, 41, 'Kewin', NULL, 'Włodarczyk', 'k.wlodarczyk@gmail.com', 643535345),
(46, 41, 'Edmund', 'Karol', 'Wasilewski', 'edmund.w123@gmail.com', 643953954),
(47, 42, 'Joachim', 'Marek', 'Pawlak', 'pawlak.j@gmail.com', 583482432),
(48, 43, 'Karol', NULL, 'Drewno', 'drewno.karol@gmail.com', 583258258),
(49, 44, 'Borsy', 'Bartosz', 'Szyc', 'szyc.borsyk2000@gmail.com', 538258325),
(50, 45, 'Kewin', 'Damian', 'Sam', 'sam.kewin@gmail.com', 684853855),
(51, 46, 'Miłosz', 'Oskar', 'Olszewski', 'olszewski.oskar@gmail.com', 765435350),
(52, 47, 'Maria', 'Monika', 'Sobczak', 'sobczak.maria@gmail.com', 653252523),
(53, 48, 'Magda', 'Monika', 'Rutecka', 'rutecka.magda@gmail.com', 643535345),
(54, 42, 'Ewelina', 'Paulina', 'Groth', 'ewelina.groth@gmail.com', 864835385),
(55, 49, 'Beata', NULL, 'Drewno', 'b.drewno@gmail.com', 863485385),
(56, 50, 'Magda', 'Angelika', 'Krawczyk', 'ma.krawczyk@gmail.com', 684835834),
(57, 51, 'Marlena', 'Monika', 'Kowlaska', 'mm.kowal@gmail.com', 763453544),
(58, 52, 'Monika', 'Maria', 'Kowadło', 'mm.kowadlo@gmail.com', 695935000),
(59, 52, 'Maria', 'Monika', 'Kowadło', 'mm.kowadlo2@gmail.com', 666430000),
(60, 45, 'Wiktoria', 'Anna', 'Machulska', 'machu.wia@gmail.com', 858888435);

INSERT INTO `platnosc` (`id_platnosc`, `kwota`, `nazwa`) VALUES
(1, 100, 'opłata rekrutacyjna'),
(2, 30, 'wykonanie legitymacji'),
(3, 100, 'ECTS'),
(4, 500, 'opłata za akademik'),
(5, 35, 'kara za zgubienie numerka z szatni'),
(6, NULL, NULL);

INSERT INTO `pomoc_finansowa` (`id_student`, `id_typ_pomocy_finansowej`, `termin`, `kwota`, `id_kierunek`) VALUES
(1, 1, '2020-05-07 00:00:00', 500, 3),
(3, 2, '2020-05-08 00:00:00', 600, 3),
(3, 3, '2020-05-14 00:00:00', 650, 8),
(39, 1, '2020-04-10 00:00:00', 500, 10),
(42, 4, '2020-05-08 00:00:00', 555, 11),
(55, 5, '2020-05-12 00:00:00', 850, 12);

INSERT INTO `powiat` (`id_powiat`, `powiat`) VALUES
(1, 'Augustowski'),
(2, 'Bialski'),
(3, 'Bieszczadzki'),
(4, 'Bydgoszcz'),
(5, 'Bytom'),
(6, 'Chojnicki'),
(7, 'Chrzanowski'),
(8, 'Ciechanowski'),
(9, 'Gdynia'),
(10, 'Gdańsk'),
(11, 'Gliwice'),
(12, 'Goleniowski'),
(13, 'Jaworzno'),
(14, 'Jelenia Góra'),
(15, 'Katowice'),
(16, 'Kielce'),
(17, 'Koszalin'),
(18, 'Kraków'),
(19, 'Legnica'),
(20, 'Leszno'),
(21, 'Łomża'),
(22, 'Łódź'),
(23, 'Mysłowice'),
(24, 'Olsztyn'),
(25, 'Piekary Śląskie'),
(26, 'Piotrków Trybunalski'),
(27, 'Płock'),
(28, 'Poznań'),
(29, 'Przemyśl'),
(30, 'Radom'),
(31, 'Ruda Śląska'),
(32, 'Rybnik'),
(33, 'Rzeszów'),
(34, 'Siedlice'),
(35, 'Skierniewice'),
(36, 'Słupsk'),
(37, 'Sopot'),
(38, 'Sosnowiec'),
(39, 'Suwałki'),
(40, 'Szczecin'),
(41, 'Tarnów'),
(42, 'Tychy'),
(43, 'Żory');

INSERT INTO `praca_dyplomowa` (`id_praca_dyplomowa`, `id_typ_pracy_dyplomowej`, `liczba_punktow`, `termin_obrony`, `max_termin_obrony`) VALUES
(1, 1, 75, '2019-05-10 00:00:00', '2020-10-10 00:00:00'),
(2, 1, 81, '2019-05-11 00:00:00', '2020-10-11 00:00:00'),
(3, 3, 65, '2019-05-11 00:00:00', '2020-10-11 00:00:00'),
(4, 4, 87, '2019-05-12 00:00:00', '2020-10-12 00:00:00');

INSERT INTO `pracownik` (`id_pracownik`, `id_osoba`, `id_stanowisko`) VALUES
(1, 1, 1),
(2, 2, 2),
(3, 3, 3),
(4, 4, 4),
(5, 5, 5),
(6, 6, 6),
(7, 7, 7),
(8, 8, 8),
(9, 9, 9),
(10, 11, 1),
(11, 12, 8),
(12, 13, 9),
(13, 14, 6),
(14, 15, 2);

INSERT INTO `przedmiot` (`id_przedmiot`, `nazwa`, `id_typ_zajec`) VALUES
(1, 'matematyka dyskretna', 4),
(2, 'matematyka dyskretna', 2),
(3, 'analiza matematyczna', 4),
(4, 'analiza matematyczna', 2),
(5, 'projektowanie 3D', 2),
(6, 'projektowanie 3D', 1),
(7, 'angielski', 3),
(8, 'biologia zaawansowana', 2),
(9, 'biologia zaawansowana', 4),
(10, 'algebra', 2),
(11, 'algebra', 4),
(12, 'programowanie obiektowe', 1),
(13, 'programowanie obiektowe', 2),
(14, 'ekologia', 2),
(15, 'ekologia', 1),
(16, 'hiszpański', 3),
(17, 'francuski', 3),
(18, 'bazy danych', 1),
(19, 'bazy danych', 2),
(20, 'prawo zawodowe', 2),
(21, 'fizyka', 2),
(22, 'fizyka', 4);

INSERT INTO `sala` (`id_sala`, `id_adres`, `id_typ_sali`, `numer`) VALUES
(1, 1, 1, 1),
(2, 1, 1, 2),
(3, 1, 1, 3),
(4, 1, 2, 31),
(5, 1, 2, 32),
(6, 1, 2, 33),
(7, 1, 2, 34),
(8, 1, 3, 41),
(9, 1, 3, 42),
(10, 1, 3, 43);

INSERT INTO `stanowisko` (`id_stanowisko`, `stanowisko`) VALUES
(1, 'profesor'),
(2, 'profesor uczelniany'),
(3, 'adiunkt'),
(4, 'asystent'),
(5, 'starszy wykladowca'),
(6, 'wykładowca'),
(7, 'lektor'),
(8, 'pracownik administracyjny'),
(9, 'pracownik obsługi');

INSERT INTO `student` (`id_student`, `waznosc_legitymacji`, `id_osoba`) VALUES
(1, '2020-09-10 00:00:00', 16),
(2, '2020-09-10 00:00:00', 17),
(3, '2020-09-10 00:00:00', 18),
(4, '2020-09-10 00:00:00', 19),
(5, '2020-04-20 00:00:00', 20),
(6, '2020-04-20 00:00:00', 21),
(7, '2020-04-20 00:00:00', 22),
(8, '2020-04-20 00:00:00', 23),
(9, '2020-09-10 00:00:00', 24),
(10, '2020-09-10 00:00:00', 25),
(11, '2020-09-10 00:00:00', 26),
(12, '2020-09-10 00:00:00', 27),
(13, '2020-09-10 00:00:00', 28),
(14, '2020-09-10 00:00:00', 29),
(15, '2020-09-10 00:00:00', 30),
(16, '2020-11-20 00:00:00', 31),
(17, '2020-11-20 00:00:00', 32),
(18, '2020-11-20 00:00:00', 33),
(19, '2020-11-20 00:00:00', 34),
(20, '2020-11-20 00:00:00', 35),
(21, '2020-11-20 00:00:00', 36),
(22, '2020-11-20 00:00:00', 37),
(23, '2020-11-20 00:00:00', 38),
(24, '2020-11-20 00:00:00', 39),
(25, '2020-11-20 00:00:00', 40),
(26, '2020-12-24 00:00:00', 41),
(27, '2020-12-24 00:00:00', 42),
(28, '2020-12-24 00:00:00', 43),
(29, '2020-12-24 00:00:00', 44),
(30, '2020-12-24 00:00:00', 45),
(31, '2020-12-24 00:00:00', 46),
(32, '2020-12-24 00:00:00', 47),
(33, '2020-12-24 00:00:00', 48),
(34, '2020-12-24 00:00:00', 49),
(35, '2020-12-24 00:00:00', 50),
(36, '2020-12-24 00:00:00', 51),
(37, '2020-12-24 00:00:00', 52),
(38, '2020-12-24 00:00:00', 53),
(39, '2020-12-24 00:00:00', 54),
(40, '2020-12-24 00:00:00', 55),
(41, '2020-12-24 00:00:00', 56),
(42, '2020-12-24 00:00:00', 57),
(43, '2020-12-24 00:00:00', 57),
(44, '2020-12-24 00:00:00', 58),
(45, '2020-12-24 00:00:00', 59),
(46, '2020-12-24 00:00:00', 60);

INSERT INTO `typ_oceny` (`id_typ_oceny`, `nazwa`) VALUES
(1, 'zaliczajaca cwiczenia'),
(2, 'czastkowa'),
(3, 'koncowa');

INSERT INTO `typ_pomocy_finansowej` (`id_typ_pomocy_finansowej`, `typ_pomocy`) VALUES
(1, 'dofinansowanie na akademik'),
(2, 'stypendium rektora'),
(3, 'stypendium socjalne'),
(4, 'stypendia ministra'),
(5, 'zapomoga');

INSERT INTO `typ_pracy_dyplomowej` (`id_typ_pracy_dyplomowej`, `nazwa`) VALUES
(1, 'inżynierska'),
(2, 'licencjacka'),
(3, 'magisterska'),
(4, 'doktorska');

INSERT INTO `typ_sali` (`id_typ_sali`, `typ`) VALUES
(1, 'wykładowa'),
(2, 'ćwiczeniowa'),
(3, 'laboratorium'),
(4, 'gabinet');

INSERT INTO `typ_zajec` (`id_typ_zajec`, `typ_zajec`) VALUES
(1, 'laboratorium'),
(2, 'wykład'),
(3, 'lektorat'),
(4, 'ćwiczenia');

INSERT INTO `tytul_naukowy` (`id_tytul_naukowy`, `tytul_naukowy`) VALUES
(1, 'licencjat'),
(2, 'inżynier'),
(3, 'magister'),
(4, 'profesor tytularny');

INSERT INTO `ulica` (`id_ulica`, `ulica`) VALUES
(1, 'Asnyka'),
(2, 'Mickiewicza'),
(3, 'Afrodyty'),
(4, 'Amora'),
(5, 'Ananasowa'),
(6, 'Apenińska'),
(7, 'Armatorów'),
(8, 'Atlasa'),
(9, 'Bananowa'),
(10, 'Balladyny'),
(11, 'Barauskasa'),
(12, 'Biała'),
(13, 'Błękitna'),
(14, 'Cechowa'),
(15, 'Celna'),
(16, 'Cicha'),
(17, 'Dębowa'),
(18, 'Długa'),
(19, 'Elektryków'),
(20, 'Fiołkowa'),
(21, 'Fajna'),
(22, 'Falista'),
(23, 'Głucha'),
(24, 'Garbata'),
(25, 'Gniewska'),
(26, 'Handlowa'),
(27, 'Halicka'),
(28, 'Harcerska'),
(29, 'Hery'),
(30, 'Ikara'),
(31, 'Imbirowa'),
(32, 'Jabłkowa'),
(33, 'Jagodowa'),
(34, 'Jałowcowa'),
(35, 'Jana Pawła II'),
(36, 'Jeżynowa'),
(37, 'Józefa'),
(38, 'Kaliwska'),
(39, 'Kapitalna'),
(40, 'Kcyńska'),
(41, 'Klonowa'),
(42, 'Kasztanowa'),
(43, 'Łęckiej'),
(44, 'Leśna'),
(45, 'Lisia'),
(46, 'Magnezjowa'),
(47, 'Majerankowa'),
(48, 'Manganowa'),
(49, 'Masztowa'),
(50, 'Miętowa'),
(51, 'Mylna'),
(52, 'Neptuna'),
(53, 'Ogrodowa'),
(54, 'Palmowa'),
(55, 'Perzowa'),
(56, 'Poziomkowa'),
(57, 'Remus'),
(58, 'Różana'),
(59, 'Rybaków'),
(60, 'Sarnia'),
(61, 'Skośna'),
(62, 'Stroma'),
(63, 'Serdeczna'),
(64, 'Śliska'),
(65, 'Techniczna'),
(66, 'Uranowa'),
(67, 'Warzywna'),
(68, 'Zaciszna'),
(69, 'Żelazna'),
(70, 'Żurawia'),
(71, 'Żytnia');

INSERT INTO `wojewodztwo` (`id_wojewodztwo`, `wojewodztwo`) VALUES
(1, 'Dolnośląskie'),
(2, 'kujawsko-pomorskie'),
(3, 'lubelskie'),
(4, 'lubuskie'),
(5, 'łódzkie'),
(6, 'małopolskie'),
(7, 'mazowieckie'),
(8, 'opolskie'),
(9, 'podkarpackie'),
(10, 'podlaskie'),
(11, 'pomorskie'),
(12, 'śląskie'),
(13, 'świętokrzyskie'),
(14, 'warmińsko-mazurskie'),
(15, 'wielkopolskie'),
(16, 'zachodniopomorskie');

INSERT INTO `zajecia` (`id_zajecia`, `id_przedmiot`, `liczba_godzin`, `semestr`, `rok`, `id_pracownik`, `id_grupa`, `czy_zakonczone`, `id_sala`) VALUES
(1, 1, 25, 1, 2020, 1, 1, b'0', 1),
(2, 2, 30, 1, 2020, 1, 1, b'0', 3),
(3, 3, 30, 2, 2020, 2, 2, b'0', 2),
(4, 5, 30, 1, 2020, 2, 2, b'0', 4),
(5, 7, 30, 1, 2020, 7, 2, b'0', 8),
(6, 14, 30, 2, 2020, 2, 2, b'0', 7),
(7, 15, 30, 3, 2021, 4, 2, b'0', 6),
(8, 3, 25, 1, 2019, 3, 3, b'1', 5),
(9, 5, 35, 2, 2020, 11, 10, b'0', 10),
(10, 6, 25, 1, 2019, 5, 10, b'1', 9),
(11, 7, 55, 2, 2020, 7, 10, b'0', 8),
(12, 7, 30, 1, 2019, 7, 10, b'1', 2),
(13, 14, 40, 2, 2020, 3, 10, b'0', 4),
(14, 14, 40, 2, 2020, 3, 10, b'0', 6),
(15, 5, 70, 2, 2020, 8, 12, b'0', 5),
(16, 1, 50, 4, 2018, 2, 1, b'1', 7),
(17, 2, 30, 5, 2018, 2, 2, b'1', 2),
(18, 4, 80, 2, 2019, 2, 2, b'1', 5),
(19, 10, 25, 1,2019, 2, 2, b'1', 4),
(20, 12, 35, 4,2015, 2, 2, b'1', 5),
(21, 6, 35, 3,2019, 2, 3, b'1', 8),
(22, 21, 55, 2,2020, 2, 3, b'0', 6);

